<?xml version="1.0"?>
<BundleData>
  <bundleItemsData>
    <bundleItemData itemId="861ac5fe-b571-4015-a55d-bf63e400e1e7" dataTypeName="Sage.Platform.Projects.Localization.ResourcePackageCollection, Sage.Platform.Projects">
      <ArrayOfResourcePackage xmlns:xsi="http://www.w3.org/2001/XMLSchema-instance" xmlns:xsd="http://www.w3.org/2001/XMLSchema" />
      <ArrayOfString xmlns:xsi="http://www.w3.org/2001/XMLSchema-instance" xmlns:xsd="http://www.w3.org/2001/XMLSchema" />
    </bundleItemData>
    <bundleItemData itemId="d892743d-8a5b-4e9f-a7c5-3ea3728e6c42" dataTypeName="Sage.Platform.Projects.Localization.ResourcePackageCollection, Sage.Platform.Projects">
      <ArrayOfResourcePackage xmlns:xsi="http://www.w3.org/2001/XMLSchema-instance" xmlns:xsd="http://www.w3.org/2001/XMLSchema" />
      <ArrayOfString xmlns:xsi="http://www.w3.org/2001/XMLSchema-instance" xmlns:xsd="http://www.w3.org/2001/XMLSchema" />
    </bundleItemData>
  </bundleItemsData>
  <bundleActionsData />
  <deletedItemData />
</BundleData>