<?xml version="1.0"?>
<BundleManifest id="2cbbe194-d602-42c6-a21c-c0d0f8f088b7">
  <bundleProperties>
    <name>Custom Loader Module</name>
    <description><![CDATA[Adds a module to dynamically load custom javascript and style files at runtime. Place custom javascript files in SupportFiles/Custom/Scripts and place custom style files in SupportFiles/Custom/Style]]></description>
    <address><![CDATA[]]></address>
    <company>Customer FX Corporation</company>
    <copyright><![CDATA[]]></copyright>
    <majorVersion>1</majorVersion>
    <minorVersion>0</minorVersion>
    <revision>0</revision>
    <build>2</build>
    <autoIncrement>false</autoIncrement>
    <installDate>0001-01-01T00:00:00</installDate>
    <installPassword />
    <formatVersion>8.3.0.2066</formatVersion>
  </bundleProperties>
  <bundleItemHierarchy>
    <bundleItem modelId="af988c91-97c8-4527-b072-e021c9e2cb1a" itemTypeName="Sage.Platform.BundleModel.BundleManifestItem, Sage.Platform.BundleModel">
      <BundleManifestItem xmlns:xsi="http://www.w3.org/2001/XMLSchema-instance" xmlns:xsd="http://www.w3.org/2001/XMLSchema">
        <ItemId>2cbbe194-d602-42c6-a21c-c0d0f8f088b7</ItemId>
        <Url>\</Url>
        <BundleItemType>Container</BundleItemType>
        <Caption>Custom Loader Module</Caption>
      </BundleManifestItem>
      <children>
        <bundleItem modelId="73d4e7d0-a7fa-40ae-8b45-1ad7ed954154" itemTypeName="Sage.Platform.WebPortal.Design.BundleSupport.ManagerBundleItem, Sage.Platform.WebPortal.Design">
          <ManagerBundleItem xmlns:xsi="http://www.w3.org/2001/XMLSchema-instance" xmlns:xsd="http://www.w3.org/2001/XMLSchema">
            <ItemId>\Portal</ItemId>
            <Url>\Portal</Url>
            <BundleItemType>Container</BundleItemType>
            <Caption>Portals</Caption>
          </ManagerBundleItem>
          <children>
            <bundleItem modelId="73d4e7d0-a7fa-40ae-8b45-1ad7ed954154" itemTypeName="Sage.Platform.WebPortal.Design.BundleSupport.ModelItemBundleItem, Sage.Platform.WebPortal.Design">
              <ModelItemBundleItem xmlns:xsi="http://www.w3.org/2001/XMLSchema-instance" xmlns:xsd="http://www.w3.org/2001/XMLSchema">
                <ItemId>861ac5fe-b571-4015-a55d-bf63e400e1e7</ItemId>
                <Url>\Portal\SlxClient\SlxClient.cabapp.ptl.xml</Url>
                <BundleItemType>Context</BundleItemType>
                <Caption>SlxClient</Caption>
              </ModelItemBundleItem>
              <children>
                <bundleItem modelId="73d4e7d0-a7fa-40ae-8b45-1ad7ed954154" itemTypeName="Sage.Platform.WebPortal.Design.BundleSupport.ContainerBundleItem, Sage.Platform.WebPortal.Design">
                  <ContainerBundleItem xmlns:xsi="http://www.w3.org/2001/XMLSchema-instance" xmlns:xsd="http://www.w3.org/2001/XMLSchema">
                    <ItemId>\Portal\SlxClient\SlxClient.cabapp.ptl.xml\Modules</ItemId>
                    <Url>\Portal\SlxClient\SlxClient.cabapp.ptl.xml\Modules</Url>
                    <BundleItemType>Container</BundleItemType>
                    <Caption>Modules</Caption>
                  </ContainerBundleItem>
                  <children>
                    <bundleItem modelId="73d4e7d0-a7fa-40ae-8b45-1ad7ed954154" itemTypeName="Sage.Platform.WebPortal.Design.BundleSupport.ModelItemBundleItem, Sage.Platform.WebPortal.Design">
                      <ModelItemBundleItem xmlns:xsi="http://www.w3.org/2001/XMLSchema-instance" xmlns:xsd="http://www.w3.org/2001/XMLSchema">
                        <ItemId>d892743d-8a5b-4e9f-a7c5-3ea3728e6c42</ItemId>
                        <Url>\Portal\SlxClient\Modules\FX.CustomLoader.Module.module.xml</Url>
                        <BundleItemType>ModelItem</BundleItemType>
                        <Caption>FX.CustomLoader.Module</Caption>
                        <InstallOrderOptions>
                          <BeforeAll>false</BeforeAll>
                          <InstallAfter>fdfbe0bb-be00-42ef-baae-416bb5051123</InstallAfter>
                        </InstallOrderOptions>
                      </ModelItemBundleItem>
                    </bundleItem>
                  </children>
                </bundleItem>
                <bundleItem modelId="73d4e7d0-a7fa-40ae-8b45-1ad7ed954154" itemTypeName="Sage.Platform.WebPortal.Design.BundleSupport.LinkedFolderBundleItem, Sage.Platform.WebPortal.Design">
                  <LinkedFolderBundleItem xmlns:xsi="http://www.w3.org/2001/XMLSchema-instance" xmlns:xsd="http://www.w3.org/2001/XMLSchema">
                    <ItemId>\Portal\SlxClient\SlxClient.cabapp.ptl.xml\SupportFiles</ItemId>
                    <Url>\Portal\SlxClient\SlxClient.cabapp.ptl.xml\SupportFiles</Url>
                    <BundleItemType>Context</BundleItemType>
                    <Caption>SupportFiles</Caption>
                    <InstallOptions>SkipItemAndChildren</InstallOptions>
                  </LinkedFolderBundleItem>
                  <children>
                    <bundleItem modelId="73d4e7d0-a7fa-40ae-8b45-1ad7ed954154" itemTypeName="Sage.Platform.WebPortal.Design.BundleSupport.LinkedFolderBundleItem, Sage.Platform.WebPortal.Design">
                      <LinkedFolderBundleItem xmlns:xsi="http://www.w3.org/2001/XMLSchema-instance" xmlns:xsd="http://www.w3.org/2001/XMLSchema">
                        <ItemId>\Portal\SlxClient\SlxClient.cabapp.ptl.xml\SupportFiles\Custom</ItemId>
                        <Url>\Portal\SlxClient\SlxClient.cabapp.ptl.xml\SupportFiles\Custom</Url>
                        <BundleItemType>Container</BundleItemType>
                        <Caption>Custom</Caption>
                        <InstallOptions>SkipItemAndChildren</InstallOptions>
                      </LinkedFolderBundleItem>
                      <children>
                        <bundleItem modelId="73d4e7d0-a7fa-40ae-8b45-1ad7ed954154" itemTypeName="Sage.Platform.WebPortal.Design.BundleSupport.LinkedFolderBundleItem, Sage.Platform.WebPortal.Design">
                          <LinkedFolderBundleItem xmlns:xsi="http://www.w3.org/2001/XMLSchema-instance" xmlns:xsd="http://www.w3.org/2001/XMLSchema">
                            <ItemId>\Portal\SlxClient\SlxClient.cabapp.ptl.xml\SupportFiles\Custom\Scripts</ItemId>
                            <Url>\Portal\SlxClient\SlxClient.cabapp.ptl.xml\SupportFiles\Custom\Scripts</Url>
                            <BundleItemType>Container</BundleItemType>
                            <Caption>Scripts</Caption>
                            <InstallOptions>SkipItemAndChildren</InstallOptions>
                          </LinkedFolderBundleItem>
                          <children>
                            <bundleItem modelId="73d4e7d0-a7fa-40ae-8b45-1ad7ed954154" itemTypeName="Sage.Platform.WebPortal.Design.BundleSupport.LinkedFileBundleItem, Sage.Platform.WebPortal.Design">
                              <LinkedFileBundleItem xmlns:xsi="http://www.w3.org/2001/XMLSchema-instance" xmlns:xsd="http://www.w3.org/2001/XMLSchema">
                                <ItemId>\Portal\SlxClient\SupportFiles\Custom\Scripts\Place custom javascript files here.txt</ItemId>
                                <Url>\Portal\SlxClient\SupportFiles\Custom\Scripts\Place custom javascript files here.txt</Url>
                                <BundleItemType>Other</BundleItemType>
                                <Caption>Place custom javascript files here.txt</Caption>
                                <InstallOptions>SkipItemAndChildren</InstallOptions>
                                <IsLinkedFile>false</IsLinkedFile>
                                <SourcePath>VFS:\Model\Portal\SlxClient\SupportFiles\Custom\Scripts\Place custom javascript files here.txt</SourcePath>
                                <ParentModelItemUrl>\Portal\SlxClient\SlxClient.cabapp.ptl.xml</ParentModelItemUrl>
                                <ProjectPath>SupportFiles\Custom\Scripts\Place custom javascript files here.txt</ProjectPath>
                              </LinkedFileBundleItem>
                            </bundleItem>
                          </children>
                        </bundleItem>
                        <bundleItem modelId="73d4e7d0-a7fa-40ae-8b45-1ad7ed954154" itemTypeName="Sage.Platform.WebPortal.Design.BundleSupport.LinkedFolderBundleItem, Sage.Platform.WebPortal.Design">
                          <LinkedFolderBundleItem xmlns:xsi="http://www.w3.org/2001/XMLSchema-instance" xmlns:xsd="http://www.w3.org/2001/XMLSchema">
                            <ItemId>\Portal\SlxClient\SlxClient.cabapp.ptl.xml\SupportFiles\Custom\Style</ItemId>
                            <Url>\Portal\SlxClient\SlxClient.cabapp.ptl.xml\SupportFiles\Custom\Style</Url>
                            <BundleItemType>Container</BundleItemType>
                            <Caption>Style</Caption>
                            <InstallOptions>SkipItemAndChildren</InstallOptions>
                          </LinkedFolderBundleItem>
                          <children>
                            <bundleItem modelId="73d4e7d0-a7fa-40ae-8b45-1ad7ed954154" itemTypeName="Sage.Platform.WebPortal.Design.BundleSupport.LinkedFileBundleItem, Sage.Platform.WebPortal.Design">
                              <LinkedFileBundleItem xmlns:xsi="http://www.w3.org/2001/XMLSchema-instance" xmlns:xsd="http://www.w3.org/2001/XMLSchema">
                                <ItemId>\Portal\SlxClient\SupportFiles\Custom\Style\Place custom css files here.txt</ItemId>
                                <Url>\Portal\SlxClient\SupportFiles\Custom\Style\Place custom css files here.txt</Url>
                                <BundleItemType>Other</BundleItemType>
                                <Caption>Place custom css files here.txt</Caption>
                                <InstallOptions>SkipItemAndChildren</InstallOptions>
                                <IsLinkedFile>false</IsLinkedFile>
                                <SourcePath>VFS:\Model\Portal\SlxClient\SupportFiles\Custom\Style\Place custom css files here.txt</SourcePath>
                                <ParentModelItemUrl>\Portal\SlxClient\SlxClient.cabapp.ptl.xml</ParentModelItemUrl>
                                <ProjectPath>SupportFiles\Custom\Style\Place custom css files here.txt</ProjectPath>
                              </LinkedFileBundleItem>
                            </bundleItem>
                          </children>
                        </bundleItem>
                      </children>
                    </bundleItem>
                    <bundleItem modelId="73d4e7d0-a7fa-40ae-8b45-1ad7ed954154" itemTypeName="Sage.Platform.WebPortal.Design.BundleSupport.LinkedFolderBundleItem, Sage.Platform.WebPortal.Design">
                      <LinkedFolderBundleItem xmlns:xsi="http://www.w3.org/2001/XMLSchema-instance" xmlns:xsd="http://www.w3.org/2001/XMLSchema">
                        <ItemId>\Portal\SlxClient\SlxClient.cabapp.ptl.xml\SupportFiles\Bin</ItemId>
                        <Url>\Portal\SlxClient\SlxClient.cabapp.ptl.xml\SupportFiles\Bin</Url>
                        <BundleItemType>Context</BundleItemType>
                        <Caption>Bin</Caption>
                        <InstallOptions>SkipItemAndChildren</InstallOptions>
                      </LinkedFolderBundleItem>
                      <children>
                        <bundleItem modelId="73d4e7d0-a7fa-40ae-8b45-1ad7ed954154" itemTypeName="Sage.Platform.WebPortal.Design.BundleSupport.LinkedFileBundleItem, Sage.Platform.WebPortal.Design">
                          <LinkedFileBundleItem xmlns:xsi="http://www.w3.org/2001/XMLSchema-instance" xmlns:xsd="http://www.w3.org/2001/XMLSchema">
                            <ItemId>\Portal\SlxClient\SupportFiles\Bin\FX.CustomLoader.dll</ItemId>
                            <Url>\Portal\SlxClient\SupportFiles\Bin\FX.CustomLoader.dll</Url>
                            <BundleItemType>Other</BundleItemType>
                            <Caption>FX.CustomLoader.dll</Caption>
                            <InstallOptions>SkipItemAndChildren</InstallOptions>
                            <IsLinkedFile>false</IsLinkedFile>
                            <SourcePath>VFS:\Model\Portal\SlxClient\SupportFiles\Bin\FX.CustomLoader.dll</SourcePath>
                            <ParentModelItemUrl>\Portal\SlxClient\SlxClient.cabapp.ptl.xml</ParentModelItemUrl>
                            <ProjectPath>SupportFiles\Bin\FX.CustomLoader.dll</ProjectPath>
                          </LinkedFileBundleItem>
                        </bundleItem>
                      </children>
                    </bundleItem>
                  </children>
                </bundleItem>
              </children>
            </bundleItem>
          </children>
        </bundleItem>
      </children>
    </bundleItem>
  </bundleItemHierarchy>
  <bundleActionHierarchy>
    <bundleItem modelId="af988c91-97c8-4527-b072-e021c9e2cb1a" itemTypeName="Sage.Platform.BundleModel.RootBundleAction, Sage.Platform.BundleModel">
      <RootBundleAction xmlns:xsi="http://www.w3.org/2001/XMLSchema-instance" xmlns:xsd="http://www.w3.org/2001/XMLSchema">
        <ItemId>\Actions</ItemId>
        <Url>\Actions</Url>
        <BundleItemType>Container</BundleItemType>
        <Caption>Bundle Actions</Caption>
      </RootBundleAction>
    </bundleItem>
  </bundleActionHierarchy>
  <itemsToDelete />
  <globalResources />
</BundleManifest>